USE melfers
GO

INSERT INTO dbo.Book
VALUES (1, 'The Lost Tribe', 'Penguin Books'),
(2, 'On the Road', 'Penguin Books'),
(3, 'Naked Lunch', 'Grove Press'),
(4, 'The Dharma Bums', 'Penguin Books'),
(5, 'Howl and Other Poems', 'City Lights'),
(6, 'Big Sur', 'Penguin Books'),
(7, 'The Electric Kool-Aid Acid Test', 'Bantam'), 
(8, 'One Flew Over the Cuckoo''s Nest', 'Signet'),
(9, 'The Town and the City', 'Penguin Books'),
(10, 'Mexico City Blues', 'Penguin Books'),
(11, 'Reality Sandwiches', 'City Lights'),
(12, 'Planet News', 'City Lights'),
(13, 'Book of Blues', 'Penguin Books'),
(14, 'Collected Letters', 'City Lights'),
(15, 'Leaves of Grass', 'Grove Press'),
(16, 'Moby Dick', 'Signet'),
(17, 'Cujo', 'Bantam'),
(18, 'Alice in Wonderland', 'Royal Press'),
(19, 'The BFG', 'Signet'),
(20, 'Willy Wonka & the Chocolate Factory', 'Signet')

INSERT INTO dbo.BookAuthors
VALUES (1, 'Mark Lee'),
(2, 'Jack Kerouac'),
(3, 'William Burroughs'),
(4, 'Jack Kerouac'),
(5, 'Alan Ginsberg'),
(6, 'Jack Kerouac'),
(7, 'Tom Wolfe'),
(8, 'Ken Kesey'), 
(9, 'Jack Kerouac'),
(10, 'Jack Kerouac'),
(11, 'Alan Ginsberg'),
(12, 'Alan Ginsberg'),
(13, 'Jack Kerouac'),
(14, 'Neal Cassady'),
(15, 'Walt Whitman'),
(16, 'Herman Melville'),
(17, 'Stephen King'),
(18, 'Lewis Caroll'),
(19, 'Roald Dahl'),
(20,  'Roald Dahl')

INSERT INTO dbo.Publisher
VALUES ('Signet', '100 A St Portland OR', '5031234567'),
('Royal Press', '200 B St Portland OR', '5038904567'),
('Penguin Books', '300 C St Portland OR', '5030908765'),
('Bantam', '400 D St Portland OR', '5032858364'),
('Grove Press', '500 E St Portland OR', '5032043634'),
('City Lights', '100 Hyde St San Francisco CA', '5032960488')

INSERT INTO dbo.LibraryBranch
VALUES (100, 'Central', '101 Downtown Way Portland OR'),
(200, 'Sharpstown', '202 Sharpie Blvd Portland OR'), 
(300, 'East', '303 East Ave Portland OR'),
(400, 'West', '404 West Lane Portland OR')

INSERT INTO dbo.Borrower
VALUES (101, 'Sleeping Beauty', '3405 Happily Ever After Lane', '1234567890'), 
(102, 'Prince Charming', '3405 Happily Ever After Lane', '0987654321'), 
(103, 'Evil Queen', '666 Creepy Castle Drive', '6666666666'), 
(104, 'Dopey Dwarf', '808 Cheerful Forest Way', '8236594323'), 
(105, 'Sleepy Dwarf', '808 Cheerful Forest Way', '9483905725'), 
(106, 'Sneezy Dwarf', '808 Cheerful Forest Way', '934728566'),
(107, 'Doc Dwarf', '808 Cheerful Forest Way', '9876063775'),
(108, 'Grumpy Dwarf', '808 Cheerful Forest Way', '1234566789'),
(109, 'Bashful Dwarf', '808 Cheerful Forest Way', '0987654328'),
(110, 'Happy Dwarf', '808 Cheerful Forest Way', '8887898765')

INSERT INTO dbo.BookCopies
VALUES (1, 100, 2),
(2, 100, 3),
(3, 100, 4),
(4, 100, 5),
(5, 100, 6),
(6, 100, 7),
(7, 100, 6),
(8, 100, 5),
(9, 100, 4),
(10, 100, 3),
(1, 200, 2),
(2, 200, 3),
(3, 200, 4),
(4, 200, 5),
(5, 200, 6),
(6, 200, 7),
(7, 200, 6),
(8, 200, 5),
(9, 200, 4),
(10, 200, 3),
(11, 300, 2),
(12, 300, 3),
(13, 300, 4),
(14, 300, 5),
(15, 300, 6),
(16, 300, 7),
(17, 300, 6),
(18, 300, 5),
(19, 300, 4),
(20, 300, 3),
(11, 400, 2),
(12, 400, 3),
(13, 400, 4),
(14, 400, 5),
(15, 400, 6),
(16, 400, 7),
(17, 400, 6),
(18, 400, 5),
(19, 400, 4),
(20, 400, 3)

INSERT INTO dbo.BookLoans
VALUES (1, 100, 101, 2016-06-13, 2016-09-13),
(2, 100, 101, 2016-06-13, 2016-09-13),
(3, 100, 101, 2016-06-13, 2016-09-13),
(4, 100, 101, 2016-06-13, 2016-09-13),
(5, 100, 101, 2016-06-13, 2016-09-13),
(6, 100, 101, 2016-06-13, 2016-09-13),
(7, 100, 101, 2016-06-13, 2016-09-13),
(8, 300, 103, 2016-08-22, 2016-10-22),
(9, 300, 103, 2016-08-22, 2016-10-22),
(10, 300, 103, 2016-08-22, 2016-10-22),
(11, 300, 103, 2016-08-22, 2016-10-22),
(12, 300, 103, 2016-08-22, 2016-10-22),
(13, 300, 103, 2016-08-22, 2016-10-22),
(14, 400, 104, 2016-09-01, 2016-11-01),
(15, 400, 104, 2016-09-01, 2016-11-01),
(16, 400, 104, 2016-09-01, 2016-11-01),
(17, 400, 104, 2016-09-01, 2016-11-01),
(18, 400, 104, 2016-09-01, 2016-11-01),
(19, 100, 105, 2016-07-08, 2016-09-08),
(20, 100, 105, 2016-07-08, 2016-09-08),
(1, 100, 105, 2016-07-08, 2016-09-08),
(2, 100, 105, 2016-07-08, 2016-09-08),
(3, 100, 105, 2016-07-08, 2016-09-08),
(4, 100, 105, 2016-07-08, 2016-09-08),
(5, 100, 105, 2016-07-08, 2016-09-08),
(6, 100, 105, 2016-07-08, 2016-09-08),
(7, 200, 106, 2016-08-26, 2016-10-26),
(8, 200, 106, 2016-08-26, 2016-10-26),
(9, 200, 106, 2016-08-26, 2016-10-26),
(10, 200, 106, 2016-08-26, 2016-10-26),
(11, 200, 106, 2016-08-26, 2016-10-26),
(12, 200, 106, 2016-08-26, 2016-10-26),
(13, 300, 107, 2016-02-14, 2016-04-14),
(14, 300, 107, 2016-02-14, 2016-04-14),
(15, 300, 107, 2016-02-14, 2016-04-14),
(16, 300, 107, 2016-02-14, 2016-04-14),
(17, 300, 107, 2016-02-14, 2016-04-14),
(18, 300, 107, 2016-02-14, 2016-04-14),
(19, 300, 107, 2016-02-14, 2016-04-14),
(20, 300, 107, 2016-02-14, 2016-04-14),
(1, 300, 107, 2016-02-14, 2016-04-14),
(2, 300, 107, 2016-02-14, 2016-04-14),
(3, 300, 107, 2016-02-14, 2016-04-14),
(4, 400, 108, 2016-06-30, 2016-08-30),
(5, 400, 108, 2016-06-30, 2016-08-30),
(6, 400, 108, 2016-06-30, 2016-08-30),
(7, 400, 108, 2016-06-30, 2016-08-30),
(8, 400, 108, 2016-06-30, 2016-08-30),
(9, 400, 108, 2016-06-30, 2016-08-30),
(10, 400, 108, 2016-06-30, 2016-08-30),
(11, 400, 108, 2016-06-30, 2016-08-30),
(12, 400, 108, 2016-06-30, 2016-08-30),
(13, 100, 109, 2016-08-30, 2016-11-13),
(14, 200, 110, 2016-06-20, 2016-12-25),
(15, 200, 110, 2016-06-20, 2016-12-25),
(16, 200, 110, 2016-06-20, 2016-12-25)